{
	"format_version": [1, 1, 0],
	"sticky_piston": {
		"carried_textures": {
			"down": "piston_bottom",
			"side": "piston_side_sticky",
			"up": "piston_top_sticky"
		},
		"sound": "stone",
		"textures": {
			"down": "piston_bottom",
			"side": "piston_side_sticky",
			"up": "piston_top"
		}
	},
	"dropper": {
		"blockshape": "command_block",
		"textures": {
		  "up": "dropper_top",
		  "down": "furnace_top",
		  "north": "dropper_top",
		  "south": "dropper_front_horizontal",
		  "east": "dropper_front_vertical",
		  "west": ""
		},
		"sound": "stone"
	  },
	  "dispenser": {
		"blockshape": "command_block",
		"textures": {
		  "up": "dispenser_top",
		  "down": "furnace_top",
		  "north": "dispenser_top",
		  "south": "dispenser_front_horizontal",
		  "east": "dispenser_front_vertical",
		  "west": ""
		},
		"sound": "stone"
	  },
	  "hopper": {
		"textures": {
			"up": "hopper_up",
			"down": "hopper_down",
			"north": "hopper_north",
			"south": "hopper_south",
			"west": "hopper_west",
			"east": "hopper_east"
		},
		"sound": "metal"
	}
}
