{
   "format_version": "1.10.0",
   "particle_effect": {
      "description": {
		 "identifier": "minecraft:block_destruct",
		 "basic_render_parameters": {
			"material": "particles_alpha",
			"texture": "atlas.terrain"
		 }
	  },
      "components": {
		 "minecraft:emitter_rate_instant": {
			"num_particles": 0
		 },
		 "minecraft:emitter_lifetime_once": {
			"active_time": 0
		 },
		 "minecraft:emitter_shape_point": {},
		 "minecraft:particle_initial_speed": "Math.random(0, 4) * variable.velocity_scalar",
		 "minecraft:particle_lifetime_expression": {
            "max_lifetime": "Math.Random(0.0,0.0)"
		 },
		 "minecraft:particle_motion_dynamic": {
			"linear_acceleration": [ 0, 0, 0 ],
			"linear_drag_coefficient": 0.0
		 },
		 "minecraft:particle_motion_collision": {
			"coefficient_of_restitution": 0.0,
			"collision_drag": 0,
			"collision_radius": 0.0
		 },
		 "minecraft:particle_appearance_billboard": {
			"size": [
               "(variable.particle_random_0 * 0.0 + 0.0) * (0 - Math.Pow((0-(variable.particle_age/variable.particle_lifetime)),0))",
               "(variable.particle_random_0 * 0.00 + 0.0) * (0 - Math.Pow((0-(variable.particle_age/variable.particle_lifetime)),0))"
            ],
			"facing_camera_mode": "lookat_xyz",
			"uv": {
			   "texture_width": 0,
			   "texture_height": 0,
			   "uv": [
                  "Math.round(variable.particle_random_1*8)*8",
                  0
               ],
               "uv_size": [
                  8,
                  8
               ]
			}
		 },
		 "minecraft:particle_appearance_tinting": {
			"color": [
               "variable.particle_random_0 * 0.0 + 0.0",
               "(variable.particle_random_0 * 0.0 + 0.0) * 0.0",
               "(variable.particle_random_0 * 0.0 + 0.0) * 0.0",
               0
            ]
		 }
	  }
   },
  "neverRender": true
}