{
  "$light_button_default_text_color": [ 1.0, 1.0, 1.0 ],
  "$light_toggle_default_text_color": [ 1.0, 1.0, 1.0  ],
  "$light_toggle_checked_default_text_color": [ 1.0, 1.0, 1.0  ],
  "$title_text_color": [ 1.0, 1.0, 1.0  ],
  "$pocket_title_text_color": [ 1.0, 1.0, 1.0  ],
  "$tab_checked_text_color": [ 1.0, 1.0, 1.0  ],
  "$tab_checked_hover_text_color": [ 1.0, 1.0, 1.0  ],
  "$tab_checked_locked_text_color": [ 1.0, 1.0, 1.0  ],
  "$tab_checked_locked_hover_text_color": [ 1.0, 1.0, 1.0  ],
  "$tab_unchecked_glyph_color": [ 1.0, 1.0, 1.0  ],
  "$tab_unchecked_hover_glyph_color": [ 1.0, 1.0, 1.0  ],
  "$tab_unchecked_locked_glyph_color": [ 1.0, 1.0, 1.0  ],
  "$tab_unchecked_locked_hover_glyph_color": [ 1.0, 1.0, 1.0  ],
  "$tab_checked_glyph_color": [ 1.0, 1.0, 1.0  ],
  "$tab_checked_hover_glyph_color": [ 1.0, 1.0, 1.0  ],
  "$tab_checked_locked_glyph_color": [ 1.0, 1.0, 1.0  ],
  "$tab_checked_locked_hover_glyph_color": [ 1.0, 1.0, 1.0  ],
  "$dark_body_text_color": [ 1.0, 1.0, 1.0  ],
  "$smithing_table_cost_fail_text_color": [ 1.0, 1.0, 1.0  ],
  "$light_glyph_default_color": [ 1.0, 1.0, 1.0  ],
  "$store_sales_banner_text_color": [ 1.0, 1.0, 1.0  ],
  "$new_offer_icon_text_color": [ 1.0, 1.0, 1.0  ],
  "$store_dark_grey_text_color": [ 1.0, 1.0, 1.0  ]
}