{
    "resource_pack_name": "vanilla",
    "texture_name": "atlas.terrain",
    "padding": 8,
    "num_mip_levels": 4,
    "texture_data": {
      "hopper_up": {
        "textures": [
          "textures/blocks/hopper/hopper_top_off",
          "textures/blocks/hopper_top",
          "textures/blocks/hopper/hopper_top_up_off",
          "textures/blocks/hopper/hopper_top_down_off",
          "textures/blocks/hopper/hopper_top_left_off",
          "textures/blocks/hopper/hopper_top_right_off",
          "textures/blocks/hopper_top",
          "textures/blocks/hopper_top",
          "textures/blocks/hopper/hopper_top_on",
          "textures/blocks/hopper_top",
          "textures/blocks/hopper/hopper_top_up_on",
          "textures/blocks/hopper/hopper_top_down_on",
          "textures/blocks/hopper/hopper_top_left_on",
          "textures/blocks/hopper/hopper_top_right_on"
        ]
      },
      "hopper_down": {
        "textures": [
          "textures/blocks/hopper_inside"
        ]
      },
      "hopper_north": {
        "textures": [
          "textures/blocks/hopper/hopper_side_off",
          "textures/blocks/hopper_side",
          "textures/blocks/hopper/hopper_side_down_off",
          "textures/blocks/hopper/hopper_side_up_off",
          "textures/blocks/hopper/hopper_side_right_off",
          "textures/blocks/hopper/hopper_side_left_off",
          "textures/blocks/hopper_side",
          "textures/blocks/hopper_side",
          "textures/blocks/hopper/hopper_side_on",
          "textures/blocks/hopper_side",
          "textures/blocks/hopper/hopper_side_down_on",
          "textures/blocks/hopper/hopper_side_up_on",
          "textures/blocks/hopper/hopper_side_right_on",
          "textures/blocks/hopper/hopper_side_left_on"
        ]
      },
      "hopper_east": {
        "textures": [
          "textures/blocks/hopper/hopper_side_off",
          "textures/blocks/hopper_side",
          "textures/blocks/hopper/hopper_side_right_off",
          "textures/blocks/hopper/hopper_side_left_off",
          "textures/blocks/hopper/hopper_side_up_off",
          "textures/blocks/hopper/hopper_side_down_off",
          "textures/blocks/hopper_side",
          "textures/blocks/hopper_side",
          "textures/blocks/hopper/hopper_side_on",
          "textures/blocks/hopper_side",
          "textures/blocks/hopper/hopper_side_right_on",
          "textures/blocks/hopper/hopper_side_left_on",
          "textures/blocks/hopper/hopper_side_up_on",
          "textures/blocks/hopper/hopper_side_down_on"
        ]
      },
      "hopper_south": {
        "textures": [
          "textures/blocks/hopper/hopper_side_off",
          "textures/blocks/hopper_side",
          "textures/blocks/hopper/hopper_side_up_off",
          "textures/blocks/hopper/hopper_side_down_off",
          "textures/blocks/hopper/hopper_side_left_off",
          "textures/blocks/hopper/hopper_side_right_off",
          "textures/blocks/hopper_side",
          "textures/blocks/hopper_side",
          "textures/blocks/hopper/hopper_side_on",
          "textures/blocks/hopper_side",
          "textures/blocks/hopper/hopper_side_up_on",
          "textures/blocks/hopper/hopper_side_down_on",
          "textures/blocks/hopper/hopper_side_left_on",
          "textures/blocks/hopper/hopper_side_right_on"
        ]
      },
      "hopper_west": {
        "textures": [
          "textures/blocks/hopper/hopper_side_off",
          "textures/blocks/hopper_side",
          "textures/blocks/hopper/hopper_side_left_off",
          "textures/blocks/hopper/hopper_side_right_off",
          "textures/blocks/hopper/hopper_side_down_off",
          "textures/blocks/hopper/hopper_side_up_off",
          "textures/blocks/hopper_side",
          "textures/blocks/hopper_side",
          "textures/blocks/hopper/hopper_side_on",
          "textures/blocks/hopper_side",
          "textures/blocks/hopper/hopper_side_left_on",
          "textures/blocks/hopper/hopper_side_right_on",
          "textures/blocks/hopper/hopper_side_down_on",
          "textures/blocks/hopper/hopper_side_up_on"
        ]
      },
    "observer_north":{
        "textures": [
          "textures/blocks/observer_front",
          "textures/blocks/observer_front_lit"
                    ]
                    },
    "observer_south":{
        "textures": [
          "textures/blocks/observer_back",
          "textures/blocks/observer_back_lit"
                    ]
                    },
    "observer_top": {
        "textures": [
          "textures/blocks/observer_top",
          "textures/blocks/observer_top_lit"
                    ]
                    },
    "observer_bottom": {
        "textures": [
          "textures/blocks/observer_top",
          "textures/blocks/observer_top_lit"
                    ]
                    },
    "observer_east": {
        "textures": [
          "textures/blocks/observer_side",
          "textures/blocks/observer_side_lit"
                    ]
                    },
    "observer_west": {
        "textures": [
          "textures/blocks/observer_side",
          "textures/blocks/observer_side_lit"
                    ]
                    },
    "piston_top_sticky": {
          "textures": "textures/blocks/piston_top_sticky"
                    },
    "piston_side_sticky": {
          "textures": "textures/blocks/piston_side_sticky"
                    },
    "dropper_front_horizontal" : {
          "textures" : "textures/blocks/dropper_front_horizontal"
                   },
    "dropper_front_vertical" : {
          "textures" : "textures/blocks/dropper_front_vertical"
                   },
    "dropper_top" : {
          "textures" : "textures/blocks/dropper_top_gold"
                   },
    "dispenser_front_horizontal" : {
          "textures" : "textures/blocks/dispenser_front_horizontal"
                   },
    "dispenser_front_vertical" : {
          "textures" : "textures/blocks/dispenser_front_vertical"
                   },
    "dispenser_top" : {
          "textures" : "textures/blocks/dispenser_top_red"
                   }
                   }
}