{
  "format_version": "1.12.0",
  "minecraft:geometry": [
    {
      "description": {
        "identifier": "geometry.totem",
        "texture_width": 64,
        "texture_height": 64,
        "visible_bounds_width": 3,
        "visible_bounds_height": 3.5,
        "visible_bounds_offset": [0, 1.25, 0]
      },
      "bones": [
        {
          "name": "rightitem",
          "binding": "q.item_slot_to_bone_name(c.item_slot)",
          "texture_meshes": [
            {
              "local_pivot": [3.8, -1.0, 10.9],
              "position": [0.0, 0.0, 0.0],
              "rotation": [-10.0, -15.0, 10.0],
              "scale": [0.15, 0.15, 0.15],
              "texture": "default"
            }
          ]
        },
        {
          "name": "leftitem",
          "binding": "q.item_slot_to_bone_name(c.item_slot)",
          "texture_meshes": [
            {
              "local_pivot": [4.0, -1.5, 9.5],
              "position": [0.0, 0.0, 0.0],
              "rotation": [-10.0, 17, 0.0],
              "scale": [0.15, 0.15, 0.15],
              "texture": "default"
            }
          ]
        }
      ]
    }
  ]
}
