{
  "format_version": "1.16.100",
  "minecraft:fog_settings": {
    "description": {
      "identifier": "newfog:fog_soulsand_valley"
    },
    "distance": {
      "air": {
        "fog_start": 200,
        "fog_end": 200,
        "fog_color": "#1B4745",
        "render_distance_type": "render"
      },
      "water": {
        "fog_start": 0.0,
        "fog_end": 15.0,
        "fog_color": "#905957",
        "render_distance_type": "fixed"
      },
      "weather": {
        "fog_start": 200,
        "fog_end": 200,
        "fog_color": "#1B4745",
        "render_distance_type": "render"
      }
    }
  }
}