{
  "format_version": "1.10.0",
  "minecraft:client_entity": {
    "description": {
      "identifier": "minecraft:skeleton_horse",
      "min_engine_version": "1.2.6",
      "materials": {
        "default": "horse",
        "hp": "entity_emissive_alpha"
      },
      "textures": {
        "skeleton": "textures/entity/horse2/horse_skeleton",
        "markings_none": "textures/entity/horse2/horse_markings_none",
        "armor_none": "textures/entity/horse2/armor/horse_armor_none",
        "hp100g": "textures/hp/hp100g",
        "hp99g": "textures/hp/hp99g",
        "hp98g": "textures/hp/hp98g",
        "hp97g": "textures/hp/hp97g",
        "hp96g": "textures/hp/hp96g",
        "hp95g": "textures/hp/hp95g",
        "hp94g": "textures/hp/hp94g",
        "hp93g": "textures/hp/hp93g",
        "hp92g": "textures/hp/hp92g",
        "hp91g": "textures/hp/hp91g",
        "hp90g": "textures/hp/hp90g",
        "hp89g": "textures/hp/hp89g",
        "hp88g": "textures/hp/hp88g",
        "hp87g": "textures/hp/hp87g",
        "hp86g": "textures/hp/hp86g",
        "hp85g": "textures/hp/hp85g",
        "hp84g": "textures/hp/hp84g",
        "hp83g": "textures/hp/hp83g",
        "hp82g": "textures/hp/hp82g",
        "hp81g": "textures/hp/hp81g",
        "hp80g": "textures/hp/hp80g",
        "hp79g": "textures/hp/hp79g",
        "hp78g": "textures/hp/hp78g",
        "hp77g": "textures/hp/hp77g",
        "hp76g": "textures/hp/hp76g",
        "hp75g": "textures/hp/hp75g",
        "hp74g": "textures/hp/hp74g",
        "hp73g": "textures/hp/hp73g",
        "hp72g": "textures/hp/hp72g",
        "hp71g": "textures/hp/hp71g",
        "hp70g": "textures/hp/hp70g",
        "hp69g": "textures/hp/hp69g",
        "hp68g": "textures/hp/hp68g",
        "hp67g": "textures/hp/hp67g",
        "hp66g": "textures/hp/hp66g",
        "hp65g": "textures/hp/hp65g",
        "hp64g": "textures/hp/hp64g",
        "hp63g": "textures/hp/hp63g",
        "hp62g": "textures/hp/hp62g",
        "hp61g": "textures/hp/hp61g",
        "hp60g": "textures/hp/hp60g",
        "hp59g": "textures/hp/hp59g",
        "hp58g": "textures/hp/hp58g",
        "hp57g": "textures/hp/hp57g",
        "hp56g": "textures/hp/hp56g",
        "hp55g": "textures/hp/hp55g",
        "hp54g": "textures/hp/hp54g",
        "hp53g": "textures/hp/hp53g",
        "hp52g": "textures/hp/hp52g",
        "hp51g": "textures/hp/hp51g",
        "hp50g": "textures/hp/hp50g",
        "hp49g": "textures/hp/hp49g",
        "hp48g": "textures/hp/hp48g",
        "hp47g": "textures/hp/hp47g",
        "hp46g": "textures/hp/hp46g",
        "hp45g": "textures/hp/hp45g",
        "hp44g": "textures/hp/hp44g",
        "hp43g": "textures/hp/hp43g",
        "hp42g": "textures/hp/hp42g",
        "hp41g": "textures/hp/hp41g",
        "hp40g": "textures/hp/hp40g",
        "hp39g": "textures/hp/hp39g",
        "hp38g": "textures/hp/hp38g",
        "hp37g": "textures/hp/hp37g",
        "hp36g": "textures/hp/hp36g",
        "hp35g": "textures/hp/hp35g",
        "hp34g": "textures/hp/hp34g",
        "hp33g": "textures/hp/hp33g",
        "hp32g": "textures/hp/hp32g",
        "hp31g": "textures/hp/hp31g",
        "hp30g": "textures/hp/hp30g",
        "hp29g": "textures/hp/hp29g",
        "hp28g": "textures/hp/hp28g",
        "hp27g": "textures/hp/hp27g",
        "hp26g": "textures/hp/hp26g",
        "hp25g": "textures/hp/hp25g",
        "hp24g": "textures/hp/hp24g",
        "hp23g": "textures/hp/hp23g",
        "hp22g": "textures/hp/hp22g",
        "hp21g": "textures/hp/hp21g",
        "hp20g": "textures/hp/hp20g",
        "hp19g": "textures/hp/hp19g",
        "hp18g": "textures/hp/hp18g",
        "hp17g": "textures/hp/hp17g",
        "hp16g": "textures/hp/hp16g",
        "hp15g": "textures/hp/hp15g",
        "hp14g": "textures/hp/hp14g",
        "hp13g": "textures/hp/hp13g",
        "hp12g": "textures/hp/hp12g",
        "hp11g": "textures/hp/hp11g",
        "hp10g": "textures/hp/hp10g",
        "hp9g": "textures/hp/hp9g",
        "hp8g": "textures/hp/hp8g",
        "hp7g": "textures/hp/hp7g",
        "hp6g": "textures/hp/hp6g",
        "hp5g": "textures/hp/hp5g",
        "hp4g": "textures/hp/hp4g",
        "hp3g": "textures/hp/hp3g",
        "hp2g": "textures/hp/hp2g",
        "hp1g": "textures/hp/hp1g",
        "hp0": "textures/hp/hp1g"
      },
      "geometry": {
        "default": "geometry.horse.v2",
        "hp": "geometry.health_bar",
        "dmg": "geometry.dmg"
      },
      "animations": {
        "setup": "animation.horse.v2.setup",
        "baby_transform": "animation.horse.v2.baby_transform",
        "walk": "animation.horse.v2.walk",
        "eat": "animation.horse.v2.eat",
        "stand": "animation.horse.v2.stand",
        "tail": "animation.horse.v2.tail",
        "dmg": "controller.animation.damage.root",
        "hp": "animation.health_donkey"
      },
      "scripts": {
        "initialize": [
          "variable.eat_anim = 0.0;",
          "variable.mouth_anim = 0.0;"
        ],
        "pre_animation": [
          "variable.eat_anim = math.clamp(variable.eat_anim + (query.is_grazing ? ((1.0 - variable.eat_anim) * 0.4 + 0.05) : -variable.eat_anim * 0.4 - 0.05) * query.delta_time * 20.0, 0.0, 1.0);",
          "variable.mouth_anim = math.clamp(variable.mouth_anim + (variable.open_mouth ? ((1.0 - variable.mouth_anim) * 0.7 + 0.05) : -variable.mouth_anim * 0.7 - 0.05) * query.delta_time * 20.0, 0.0, 1.0);",
          "variable.head_x_rot = query.target_x_rotation + (query.modified_move_speed > 0.2 ? (math.cos(query.modified_distance_moved * 11.46) * 11.46 * query.modified_move_speed + query.modified_move_speed * 11.46) : 0.0);",
          "variable.inverse_max_stand_eat = (1.0 - math.max(variable.stand_anim, variable.eat_anim));",
          "variable.base_head_angle = variable.inverse_max_stand_eat * (30.0 + variable.head_x_rot + variable.mouth_anim  * math.sin((query.life_time * 20.0 + query.frame_alpha) * 57.3) * 2.86);",
          "variable.leg_stand_factor = math.cos((query.modified_distance_moved * 38.38) + 180.0);",
          "variable.leg_x_rot_anim = variable.leg_stand_factor * 45.8 * query.modified_move_speed;",
          "variable.leg1a_aabb = query.bone_aabb('leg1a');",
          "variable.y_adjust = query.is_baby ? 0.0 : (variable.leg1a_aabb.max.y - variable.leg1a_aabb.min.y) * (1.0 - (query.model_scale * 16.0));",
          "variable.health = math.round(query.health / query.max_health * 100);"
        ],
        "animate": [
          "setup",
          { "baby_transform": "query.is_baby" },
          "walk",
          "stand",
          { "eat": "!query.is_standing" },
          { "tail": "variable.shake_tail" },
          "hp",
          "dmg"
        ]
      },
      "particle_effects": {
        "dmg": "particle:damage"
      },
      "render_controllers": [
        "controller.render.skeleton_horse.v1.and.v2",
        "controller.render.hp_green",
        "controller.render.dmg"
      ],
      "spawn_egg": {
        "texture": "spawn_egg",
        "texture_index": 32
      }
    }
  }
}