{
  "game_section": {
    "type": "stack_panel",
    "size": [ "100%", "100%c" ],
    "anchor_from": "top_left",
    "anchor_to": "top_left",
    "$education_ios": "($education_edition and $is_ios)",
    "bindings": [
      {
        "binding_type": "view",
        "source_control_name": "game_button_toggle",
        "source_property_name": "#toggle_state",
        "target_property_name": "#visible"
      }
    ],
    "controls": [
      {
        "unlock_template_options_panel": {
          "type": "stack_panel",
          "orientation": "vertical",
          "size": [ "100%", "100%c + 4px" ],
          "bindings": [
            {
              "binding_name": "#is_world_template_locked",
              "binding_name_override": "#visible"
            }
          ],
          "controls": [
            {
              "option_info_label@settings_common.option_info_label": {
                "$container_text_binding_name": "#world_template_options_lock_warning_text",
                "$show_option_label": false
              }
            },
            {
              "unlock_template_options_button@settings_common.action_button": {
                "size": [ "100%", 30 ],
                "$button_text": "options.unlockTemplateWorldOptions.initiate",
                "$pressed_button_name": "unlock_templated_world_options",
                "$focus_override_right": "FOCUS_OVERRIDE_STOP",
                "bindings": [
                  {
                    "binding_name": "#player_has_world_template_option_unlock_permissions",
                    "binding_name_override": "#enabled"
                  }
                ]
              }
            }
          ]
        }
      },
      {
        "option_info_label@settings_common.option_info_label": {
          "$container_text_binding_name": "#achievement_warning_text",
          "$show_option_label": false,
          "bindings": [
            {
              "binding_name": "#achievment_warning_visible",
              "binding_name_override": "#visible"
            }
          ]
        }
      },
      {
        "world_settings_label@settings_common.option_group_label": {
          "$text": "createWorldScreen.worldSettings",
          "ignored": "(not $education_edition)",
          "$font_type": "MinecraftTen",
          "$font_scale_factor": 1.2
        }
      },
      {
        // for world create
        "option_text_edit_0@settings_common.option_text_edit": {
          "ignored": "(not $is_world_create)",
          "$option_label": "selectWorld.enterName",
          "$option_place_holder_text": "createWorldScreen.defaultName",
          "$option_binding_name": "#world_name",
          "$option_enabled_binding_name": "#world_name_enabled",
          "$text_box_name": "world_name_text_box",
          "$focus_override_right": "FOCUS_OVERRIDE_STOP",
          "$allow_data_binding": false
        }
      },
      {
        // for world edit/show (databound)
        // edit is 'enabled', show is 'not enabled'
        "option_text_edit_1@settings_common.option_text_edit": {
          "ignored": "$is_world_create",
          "$option_label": "selectWorld.enterName",
          "$option_binding_name": "#world_name",
          "$option_enabled_binding_name": "#world_name_enabled",
          "$text_box_name": "world_name_text_box",
          "$focus_override_right": "FOCUS_OVERRIDE_STOP",
          "$tts_override_control_value": " "
        }
      },
      {
        "option_dropdown_0@settings_common.option_dropdown_no_scroll": {
          "$option_label": "createWorldScreen.gameMode.default",
          "$dropdown_content": "world_section.world_game_mode_dropdown_content",
          "$dropdown_area": "content_area",
          "$dropdown_name": "world_game_mode_dropdown",
          "$options_dropdown_toggle_label_binding": "#world_game_mode_dropdown_toggle_label",
          "$option_enabled_binding_name": "#world_game_mode_dropdown_enabled",
          "$selection_highlight_offset": [ -2, 1 ],
          "$selection_highlight_size": [ "100%", "100% + 1px" ],
          "$focus_override_right": "FOCUS_OVERRIDE_STOP"
        }
      },
      {
        "option_dropdown_1@settings_common.option_dropdown": {
          "ignored": "$is_pregame",
          "$option_label": "createWorldScreen.gameMode.personal",
          "$dropdown_content": "world_section.player_game_mode_dropdown_content",
          "$dropdown_area": "content_area",
          "$dropdown_name": "player_game_mode_dropdown",
          "$options_dropdown_toggle_label_binding": "#player_game_mode_dropdown_toggle_label",
          "$option_enabled_binding_name": "#player_game_mode_dropdown_enabled",
          "$dropdown_scroll_content_size": [ "100%", "260%" ],
          "$focus_override_right": "FOCUS_OVERRIDE_STOP",
          "bindings": [
            {
              "binding_name": "#player_game_mode_dropdown_visible",
              "binding_name_override": "#visible"
            }
          ]
        }
      },
      {
        "option_dropdown_2@settings_common.option_dropdown": {
          "$option_label": "options.difficulty",
          "$dropdown_content": "world_section.world_difficulty_dropdown_content",
          "$dropdown_area": "content_area",
          "$dropdown_name": "world_difficulty_dropdown",
          "$options_dropdown_toggle_label_binding": "#world_difficulty_dropdown_toggle_label",
          "$option_enabled_binding_name": "#world_difficulty_dropdown_enabled",
          "$dropdown_scroll_content_size": [ "100%", "260%" ],
          "$focus_override_right": "FOCUS_OVERRIDE_STOP"
        }
      },
      {
        "world_preferences_label@settings_common.option_group_label": {
          "$text": "createWorldScreen.worldPreferences",
          "variables": [
            {
              "requires": "$education_edition",
              "$font_type": "MinecraftTen",
              "$font_scale_factor": 1.2
            }
          ]
        }
      },
      {
        "starting_map_toggle@settings_common.option_toggle": {
          "$tts_section_header": "createWorldScreen.worldPreferences",
          "$option_label": "createWorldScreen.startWithMap",
          "$option_binding_name": "#start_with_map",
          "$option_enabled_binding_name": "#start_with_map_enabled",
          "$toggle_name": "start_with_map",
          "$focus_override_right": "FOCUS_OVERRIDE_STOP"
        }
      },
      {
        "bonus_chest_toggle@settings_common.option_toggle": {
          "$tts_section_header": "createWorldScreen.worldPreferences",
          "enabled": "(not $trial)",
          "$option_label": "createWorldScreen.bonusChest",
          "$option_binding_name": "#bonus_chest",
          "$option_enabled_binding_name": "#bonus_chest_enabled",
          "$toggle_name": "bonus_chest",
          "$focus_override_right": "FOCUS_OVERRIDE_STOP"
        }
      },
      {
        "option_dropdown_permissions@settings_common.option_dropdown": {
          "$tts_section_header": "createWorldScreen.worldPreferences",
          "$option_label": "permissions.title.settings",
          "$dropdown_content": "permissions.permission_level_dropdown_content",
          "$dropdown_area": "content_area",
          "$dropdown_name": "player_permissions_dropdown",
          "$button_type_panel": "permissions.permission_level_dropdown_state_content",
          "$options_dropdown_toggle_label_binding": "#player_permissions_dropdown_toggle_label",
          "$option_enabled_binding_name": "#player_permissions_dropdown_enabled",
          "$dropdown_scroll_content_size": [ "100%", "385%" ],
          "$is_world_settings": true,
          "$focus_override_right": "FOCUS_OVERRIDE_STOP",
          "bindings": [
            {
              "binding_name": "#show_permissions_dropdown",
              "binding_name_override": "#visible"
            }
          ],
          "variables": [
            {
              "requires": "$education_edition",
              "$option_label": "permissions.title.settings.edu"
            }
          ]
        }
      },
      {
        "option_dropdown_3@settings_common.option_dropdown_no_scroll": {
          "$tts_section_header": "createWorldScreen.worldPreferences",
          "$option_label": "createWorldScreen.worldType",
          "$dropdown_content": "world_section.world_type_dropdown_content",
          "$dropdown_area": "content_area",
          "$dropdown_name": "world_type_dropdown",
          "$options_dropdown_toggle_label_binding": "#world_type_dropdown_toggle_label",
          "$option_enabled_binding_name": "#world_type_dropdown_enabled",
          "$selection_highlight_offset": [ -2, 1 ],
          "$selection_highlight_size": [ "100%", "100% + 1px" ],
          "$focus_override_right": "FOCUS_OVERRIDE_STOP"
        }
      },
      {
        // No button for edu since edu doesn't use xforge
        "level_seed_selector_edu@settings_common.option_text_edit": {
          "$tts_section_header": "createWorldScreen.worldPreferences",
          "ignored": "(not $education_edition)",
          "$option_label": "createWorldScreen.levelSeed",
          "$option_binding_name": "#world_seed",
          "$option_enabled_binding_name": "#world_seed_enabled",
          "$text_box_name": "world_seed_text_box"
        }
      },
      {
        "level_seed_selector@settings_common.option_text_edit_with_button": {
          "$tts_section_header": "createWorldScreen.worldPreferences",
          "ignored": "($education_edition or not $is_seeds_enabled)",
          "$option_label": "createWorldScreen.levelSeed",
          "$option_binding_name": "#world_seed",
          //"$option_enabled_binding_name": "#world_seed_enabled",
          "$text_box_name": "world_seed_text_box",
          "$pressed_button_name": "choose_ugc_level_seed",
          "$button_tts_header": "accessibility.settings.chooseSeed"
        }
      },
      {
        "level_seed_selector_trial@world_section.option_text_edit_mock_with_button": {
          "$tts_section_header": "createWorldScreen.worldPreferences",
          "ignored": "($education_edition or $is_seeds_enabled)",
          "$option_label": "createWorldScreen.levelSeed",
          "$option_binding_name": "#world_seed",
          "$option_enabled_binding_name": "#world_seed_enabled",
          "$pressed_button_name": "button.redirect_to_upsell"
        }
      },
      {
        "server_sim_distance_slider@settings_common.option_slider": {
          "$tts_section_header": "createWorldScreen.worldPreferences",
          "ignored": "($is_holographic)",
          "$option_label": "#server_sim_distance_slider_label",
          "$slider_name": "server_sim_distance",
          "$slider_value_binding_name": "#server_sim_distance",
          "$option_enabled_binding_name": "#server_sim_distance_enabled",
          "$slider_tts_text_value": "#server_sim_distance_text_value",
          "$slider_steps_binding_name": "#server_sim_distance_steps",
          "$label_bindings": [
            {
              "binding_name": "$option_label"
            }
          ]
        }
      },
      {
        "world_options_label@settings_common.option_group_label": {
          "$text": "createWorldScreen.worldOptions",
          "variables": [
            {
              "requires": "$education_edition",
              "$font_type": "MinecraftTen",
              "$font_scale_factor": 1.2
            }
          ]
        }
      },
      {
        "pvp_toggle@settings_common.option_toggle": {
          "$tts_section_header": "createWorldScreen.worldSettings",
          "$option_label": "createWorldScreen.pvp",
          "$option_binding_name": "#pvp",
          "$option_enabled_binding_name": "#pvp_enabled",
          "$toggle_name": "pvp",
          "$focus_override_right": "FOCUS_OVERRIDE_STOP",
          "$toggle_binding_condition": "always_when_visible"
        }
      },
      {
        "show_coordinates_toggle@settings_common.option_toggle": {
          "$tts_section_header": "createWorldScreen.worldSettings",
          "$option_label": "createWorldScreen.showCoordinates",
          "$option_binding_name": "#show_coordinates",
          "$option_enabled_binding_name": "#show_coordinates_enabled",
          "$toggle_name": "show_coordinates",
          "$focus_override_right": "FOCUS_OVERRIDE_STOP",
          "$toggle_binding_condition": "always_when_visible"
        }
      },
      {
        "fire_spreads_toggle@settings_common.option_toggle": {
          "$tts_section_header": "createWorldScreen.worldSettings",
          "$option_label": "createWorldScreen.fireSpreads",
          "$option_binding_name": "#fire_spreads",
          "$option_enabled_binding_name": "#fire_spreads_enabled",
          "$toggle_name": "fire_spreads",
          "$focus_override_right": "FOCUS_OVERRIDE_STOP",
          "$toggle_binding_condition": "always_when_visible"
        }
      },
      {
        "tnt_explodes_toggle@settings_common.option_toggle": {
          "$tts_section_header": "createWorldScreen.worldSettings",
          "$option_label": "createWorldScreen.tntexplodes",
          "$option_binding_name": "#tnt_explodes",
          "$option_enabled_binding_name": "#tnt_explodes_enabled",
          "$toggle_name": "tnt_explodes",
          "$focus_override_right": "FOCUS_OVERRIDE_STOP",
          "$toggle_binding_condition": "always_when_visible"
        }
      },
      {
        "respawn_blocks_explode_toggle@settings_common.option_toggle": {
          "$tts_section_header": "createWorldScreen.worldSettings",
          "ignored": "$education_edition",
          "$option_label": "createWorldScreen.respawnblocksexplode",
          "$option_binding_name": "#respawn_blocks_explode",
          "$option_enabled_binding_name": "#respawn_blocks_explode_enabled",
          "$toggle_name": "respawn_blocks_explode",
          "$focus_override_right": "FOCUS_OVERRIDE_STOP",
          "$toggle_binding_condition": "always_when_visible"
        }
      },
      {
        "mob_loot_toggle@settings_common.option_toggle": {
          "$tts_section_header": "createWorldScreen.worldSettings",
          "$option_label": "createWorldScreen.mobLoot",
          "$option_binding_name": "#mob_loot",
          "$option_enabled_binding_name": "#mob_loot_enabled",
          "$toggle_name": "mob_loot",
          "$focus_override_right": "FOCUS_OVERRIDE_STOP",
          "$toggle_binding_condition": "always_when_visible"
        }
      },
      {
        "natural_regeneration_toggle@settings_common.option_toggle": {
          "$tts_section_header": "createWorldScreen.worldSettings",
          "$option_label": "createWorldScreen.naturalregeneration",
          "$option_binding_name": "#natural_regeneration",
          "$option_enabled_binding_name": "#natural_regeneration_enabled",
          "$toggle_name": "natural_regeneration",
          "$focus_override_right": "FOCUS_OVERRIDE_STOP",
          "$toggle_binding_condition": "always_when_visible"
        }
      },
      {
        "tile_drops_toggle@settings_common.option_toggle": {
          "$tts_section_header": "createWorldScreen.worldSettings",
          "$option_label": "createWorldScreen.tileDrops",
          "$option_binding_name": "#tile_drops",
          "$option_enabled_binding_name": "#tile_drops_enabled",
          "$toggle_name": "tile_drops",
          "$focus_override_right": "FOCUS_OVERRIDE_STOP",
          "$toggle_binding_condition": "always_when_visible"
        }
      },
      {
        "immediate_respawn_toggle@settings_common.option_toggle": {
          "$tts_section_header": "createWorldScreen.worldSettings",
          "$option_label": "createWorldScreen.immediaterespawn",
          "$option_binding_name": "#immediaterespawn",
          "$option_enabled_binding_name": "#immediaterespawn_enabled",
          "$toggle_name": "doimmediaterespawn",
          "$focus_override_right": "FOCUS_OVERRIDE_STOP",
          "$toggle_binding_condition": "always_when_visible"
        }
      },
      {
        "respawn_radius@settings_common.option_text_edit": {
          "$option_label": "createWorldScreen.respawnRadius",
          "$option_binding_name": "#respawn_radius",
          "$option_enabled_binding_name": "#respawn_radius_enabled",
          "$text_box_name": "respawn_radius_text_box",
          "$focus_override_right": "FOCUS_OVERRIDE_STOP",
          "$max_text_edit_length": 8,
          "$text_edit_box_text_type": "NumberChars"
        }
      },
      {
        "experimental_toggles_label@settings_common.option_group_label": {
          "$text": "createWorldScreen.experimentalgameplay",
          // Ignore education toggle in education since education doesn't allow experiments presently
          "ignored": "$education_edition"
        }
      },
      {
        "experimental_toggles_label_info@settings_common.option_group_label": {
          "$text": "createWorldScreen.experimentalgameplayinfo",
          // Ignore education toggle in education since education doesn't allow experiments presently
          "ignored": "$education_edition"
        }
      },
      {
        "experimental_toggles": {
          "type": "stack_panel",
          "orientation": "vertical",
          "size": [ "100%", "100%c" ],
          // Ignore education toggle in education since education doesn't allow experiments presently
          "ignored": "$education_edition",
          "factory": {
            "name": "experimental_toggle_factory",
            "control_name": "world_section.experimental_toggle"
          },

          "collection_name": "experimental_toggles",
          "bindings": [
            {
              "binding_name": "#experimental_toggle_count",
              "binding_name_override": "#collection_length"
            }
          ]
        }
      },
      {
        "world_cheats_label@settings_common.option_group_label": {
          "$text": "createWorldScreen.cheatSettings",
          "variables": [
            {
              "requires": "$education_edition",
              "$font_type": "MinecraftTen",
              "$font_scale_factor": 1.2
            }
          ]
        }
      },
      {
        "allow_cheats_toggle@settings_common.option_toggle": {
          "$tts_section_header": "createWorldScreen.cheatSettings",
          "$option_label": "selectWorld.cheats",
          "$option_binding_name": "#allow_cheats",
          "$option_enabled_binding_name": "#allow_cheats_enabled",
          "$toggle_name": "allow_cheats",
          "$focus_override_right": "FOCUS_OVERRIDE_STOP",
          "$toggle_binding_condition": "always_when_visible"
        }
      },
      {
        "education_toggle@settings_common.option_toggle": {
          "$tts_section_header": "createWorldScreen.cheatSettings",
          // Ignore education toggle in education since education is always on in education
          "ignored": "$education_edition",
          "$option_label": "createWorldScreen.educationtoggle",
          "$option_binding_name": "#education_toggle",
          "$option_enabled_binding_name": "#education_toggle_enabled",
          "$toggle_name": "education_toggle",
          "$focus_override_right": "FOCUS_OVERRIDE_STOP"
        }
      },
      {
        "always_day_toggle@settings_common.option_toggle": {
          "$tts_section_header": "createWorldScreen.cheatSettings",
          "$option_label": "createWorldScreen.alwaysDay",
          "$option_binding_name": "#always_day",
          "$option_enabled_binding_name": "#always_day_enabled",
          "$toggle_name": "always_day",
          "$focus_override_right": "FOCUS_OVERRIDE_STOP",
          "$toggle_binding_condition": "always_when_visible"
        }
      },
      {
        "daylight_cycle_toggle@settings_common.option_toggle": {
          "$tts_section_header": "createWorldScreen.cheatSettings",
          "$option_label": "createWorldScreen.daylightcycle",
          "$option_binding_name": "#daylight_cycle",
          "$option_enabled_binding_name": "#daylight_cycle_enabled",
          "$toggle_name": "daylight_cycle",
          "$focus_override_right": "FOCUS_OVERRIDE_STOP",
          "$toggle_binding_condition": "always_when_visible"
        }
      },
      {
        "keep_inventory_toggle@settings_common.option_toggle": {
          "$tts_section_header": "createWorldScreen.cheatSettings",
          "$option_label": "createWorldScreen.keepInventory",
          "$option_binding_name": "#keep_inventory",
          "$option_enabled_binding_name": "#keep_inventory_enabled",
          "$toggle_name": "keep_inventory",
          "$focus_override_right": "FOCUS_OVERRIDE_STOP",
          "$toggle_binding_condition": "always_when_visible"
        }
      },
      {
        "mob_spawn_toggle@settings_common.option_toggle": {
          "$tts_section_header": "createWorldScreen.cheatSettings",
          "$option_label": "createWorldScreen.mobSpawn",
          "$option_binding_name": "#mob_spawn",
          "$option_enabled_binding_name": "#mob_spawn_enabled",
          "$toggle_name": "mob_spawn",
          "$focus_override_right": "FOCUS_OVERRIDE_STOP",
          "$toggle_binding_condition": "always_when_visible"
        }
      },
      {
        "mob_griefing_toggle@settings_common.option_toggle": {
          "$tts_section_header": "createWorldScreen.cheatSettings",
          "$option_label": "createWorldScreen.mobgriefing",
          "$option_binding_name": "#mob_griefing",
          "$option_enabled_binding_name": "#mob_griefing_enabled",
          "$toggle_name": "mob_griefing",
          "$focus_override_right": "FOCUS_OVERRIDE_STOP",
          "$toggle_binding_condition": "always_when_visible"
        }
      },
      {
        "entities_drop_loot_toggle@settings_common.option_toggle": {
          "$tts_section_header": "createWorldScreen.cheatSettings",
          "$option_label": "createWorldScreen.entitiesdroploot",
          "$option_binding_name": "#entities_drop_loot",
          "$option_enabled_binding_name": "#entities_drop_loot_enabled",
          "$toggle_name": "entities_drop_loot",
          "$focus_override_right": "FOCUS_OVERRIDE_STOP",
          "$toggle_binding_condition": "always_when_visible"
        }
      },
      {
        "weather_cycle_toggle@settings_common.option_toggle": {
          "$tts_section_header": "createWorldScreen.cheatSettings",
          "$option_label": "createWorldScreen.weathercycle",
          "$option_binding_name": "#weather_cycle",
          "$option_enabled_binding_name": "#weather_cycle_enabled",
          "$toggle_name": "weather_cycle",
          "$focus_override_right": "FOCUS_OVERRIDE_STOP",
          "variables": [
            {
              "requires": "$desktop_screen",
              "$one_line_layout": true
            },
            {
              "requires": "($is_world_edit and not $is_mp_client and not $trial and $is_pregame and not $pocket_edition and not $export_disabled and not $education_ios and $file_picking_supported)",
              "$focus_override_down": "export_world_button"
            },
            {
              "requires": "($is_world_edit and not $is_mp_client and not $trial and $is_pregame and ($pocket_edition or $export_disabled or $education_ios or not $file_picking_supported))",
              "$focus_override_down": "delete_world_button"
            }
          ],
          "$toggle_binding_condition": "always_when_visible"
        }
      },
      {
        "command_blocks_enabled_toggle@settings_common.option_toggle": {
          "$tts_section_header": "createWorldScreen.cheatSettings",
          "$option_label": "createWorldScreen.commandblocksenabled",
          "$option_binding_name": "#command_blocks_enabled",
          "$option_enabled_binding_name": "#command_blocks_enabled_on",
          "$toggle_name": "command_blocks_enabled",
          "$focus_override_right": "FOCUS_OVERRIDE_STOP",
          "$toggle_binding_condition": "always_when_visible"
        }
      },
      {
        "random_tick_speed@settings_common.option_text_edit_with_text_button": {
          "$option_label": "createWorldScreen.randomtickspeed",
          "$option_binding_name": "#random_tick_speed",
          "$option_enabled_binding_name": "#random_tick_speed_enabled",
          "$max_text_edit_length": 4,
          "$text_edit_box_text_type": "NumberChars",
          "$option_text_edit_control_size": [ "50%", "100%" ],
          "$text_box_name": "random_tick_speed_text_box",
          "$button_text": "createWorldScreen.randomtickspeed.reset",
          "$pressed_button_name": "reset_random_tick_speed"
        }
      },
      {
        "world_management_label@settings_common.option_group_label": {
          "ignored": "(not $is_pregame or not $is_world_edit or not $education_edition)",
          "$text": "createWorldScreen.worldManagement",
          "$font_type": "MinecraftTen",
          "$font_scale_factor": 1.2
        }
      },
      {
        "convert_to_infinite_panel": {
          "ignored": "(not $is_pregame or not $is_world_edit)",
          "type": "panel",
          "size": [ "100%", "100%c + 2px" ],
          "bindings": [
            {
              "binding_name": "#show_convert_to_infinite_button",
              "binding_name_override": "#visible"
            }
          ],
          "controls": [
            {
              "convert_to_infinite_button@settings_common.action_button": {
                "$pressed_button_name": "convert_to_infinite_button",
                "$button_text": "createWorldScreen.action.editLocal",
                "offset": [ 0, -3 ]
              }
            }
          ]
        }
      },
      {
        "delete_button@settings_common.action_button": {
          "ignored": "(not $is_world_edit or $is_mp_client or not $trial or not $is_pregame)",
          "$button_text": "gui.deleteWorldLong",
          "$pressed_button_name": "delete_world_button"
        }
      },
      {
        "button_panel": {
          "ignored": "(not $is_world_edit or $is_mp_client or $trial or not $is_pregame)",
          "type": "stack_panel",
          "orientation": "horizontal",
          "size": [ "100%", 30 ],
          "controls": [
            {
              "export_button@settings_common.action_button": {
                // std pocket should not have export until bedrock wants it
                // export is disabled in game
                // Some platforms such as fireTV do not support file picking
                // EDU supports file picking on all supported platforms except ios which is pocket
                "size": [ "50%", 30 ],
                "anchor_from": "top_left",
                "anchor_to": "top_left",
                "$button_text": "gui.exportWorldLong",
                "$pressed_button_name": "export_world_button",
                "$focus_id": "export_world_button"
              }
            },
            {
              "padding": {
                "type": "panel",
                "size": [ 1, 0 ],
                "ignored": "($pocket_edition or $education_ios or not $file_picking_supported)"
              }
            },
            {
              "delete_button@settings_common.action_button": {
                "size": [ "fill", 30 ],
                "anchor_from": "top_right",
                "anchor_to": "top_right",
                "$button_text": "createWorldScreen.deleteWorld",
                "$pressed_button_name": "delete_world_button",
                "$focus_id": "delete_world_button"
              }
            }
          ]
        }
      },
      {
        "export_template_panel": {
          "type": "stack_panel",
          "controls": [
            {
              "padding": {
                "type": "panel",
                "size": [ 0, 2 ]
              }
            },
            {
              "template_version@settings_common.option_text_edit": {
                "ignored": "(not $education_edition)",
                "$option_label": "gui.templateMinVersion",
                "$text_box_name": "template_version_text_box",
                "$option_binding_name": "#minimum_template_version",
                "$option_enabled_binding_name": "#minimum_template_enabled",
                "$focus_override_right": "FOCUS_OVERRIDE_STOP",
                "$text_edit_box_text_type": "ExtendedASCII"
              }
            },
            {
              "template_buttons": {
                "ignored": "(not $education_edition or not $file_picking_supported)",
                "type": "stack_panel",
                "size": [ "100%", 32 ],
                "orientation": "horizontal",
                "controls": [
                  {
                    "template_image_picker_button@settings_common.action_button": {
                      "size": [ "50%", 30 ],
                      "anchor_from": "bottom_right",
                      "anchor_to": "bottom_right",
                      "$button_text": "gui.templateIconPickerButton",
                      "$pressed_button_name": "template_image_picker_button"
                    }
                  },
                  {
                    "padding": {
                      "type": "panel",
                      "size": [ 1, 0 ]
                    }
                  },
                  {
                    "template_localization_picker_button@settings_common.action_button": {
                      "size": [ "fill", 30 ],
                      "anchor_from": "bottom_left",
                      "anchor_to": "bottom_left",
                      "$button_text": "gui.templateLocPickerButton",
                      "$pressed_button_name": "template_localization_picker_button",
                      "$focus_override_right": "FOCUS_OVERRIDE_STOP"
                    }
                  }
                ]
              }
            },
            {
              "export_template_button@settings_common.action_button": {
                "size": [ "100%", 30 ],
                "anchor_from": "bottom_left",
                "anchor_to": "bottom_left",
                "$button_text": "gui.exportTemplate",
                "$pressed_button_name": "export_template_button"
              }
            }
          ]
        }
      },
      {
        "clear_player_data_panel": {
          "ignored": "(not $is_world_edit or $is_mp_client or $trial or not $is_pregame or $export_template_disabled or $education_edition or $is_publish)",
          "type": "stack_panel",

          "controls": [
            {
              "padding": {
                "type": "panel",
                "size": [ "100%", 2 ]
              }
            },
            {
              "clear_player_data_button@settings_common.action_button": {
                "size": [ "100%", 30 ],
                "anchor_from": "bottom_left",
                "anchor_to": "bottom_left",
                "$button_text": "createWorldScreen.clearPlayerData.button",
                "$pressed_button_name": "clear_player_data"
              }
            }
          ]
        }
      },
      {
        "copy_world_panel": {
          "ignored": "(not $is_world_edit or $is_mp_client or $trial or not $is_pregame or $export_disabled)",
          "type": "panel",
          "size": [ "100%", "100%c + 2px" ],
          "controls": [
            {
              "copy_world_button@settings_common.action_button": {
                "size": [ "100%", 30 ],
                "anchor_from": "bottom_left",
                "anchor_to": "bottom_left",
                "$button_text": "gui.copyWorld",
                "$pressed_button_name": "copy_world_button"
              }
            }
          ]
        }
      },
      {
        "upload_download_slot_panel": {
          "ignored": "(not $is_realm_slot)",
          "type": "panel",
          "size": [ "100%", "100%c + 2px" ],
          "controls": [
            {
              "upload_download_slot_button@settings_common.action_button": {
                "size": [ "100%", 30 ],
                "anchor_from": "bottom_left",
                "anchor_to": "bottom_left",
                "$button_text": "#lot_upload_or_download",
                "$pressed_button_name": "upload_download_slot_button",
                "bindings": [
                  {
                    "binding_name": "#slot_upload_or_download"
                  }
                ]
              }
            }
          ]
        }
      },
      {
        "replace_slot_panel": {
          "ignored": "(not $is_realm_slot)",
          "type": "panel",
          "size": [ "100%", "100%c + 2px" ],
          "controls": [
            {
              "replace_slot_button@settings_common.action_button": {
                "size": [ "100%", 30 ],
                "anchor_from": "bottom_left",
                "anchor_to": "bottom_left",
                "$button_text": "realmsSettingsScreen.uploadWorldButton",
                "$pressed_button_name": "replace_slot_button",
                "bindings": [
                  {
                    "binding_name": "(not #slot_new_world)",
                    "binding_name_override": "#enabled"
                  }
                ]
              }
            }
          ]
        }
      }
    ]
  },
  "world_type_dropdown_content@settings_common.option_radio_dropdown_group": {
    "$radio_buttons": [
      {
        "flat_world_type_toggle@settings_common.radio_with_label": {
          "$toggle_state_binding_name": "#world_type_radio_flat",
          "$radio_label_text": "generator.flat"
        }
      },
      {
        "infinite_world_type_toggle@settings_common.radio_with_label": {
          "$toggle_state_binding_name": "#world_type_radio_infinite",
          "$radio_label_text": "generator.infinite"
        }
      }, /*Uncomment when Large Biome and Amplified world types are implemented
      {
        "large_biomees_world_type_toggle@settings_common.radio_with_label": {
          "$toggle_state_binding_name": "#world_type_radio_large_biomees",
          "$radio_label_text": "generator.largeBiomes"
        }
      },
      {
        "amplified_world_type_toggle@settings_common.radio_with_label": {
          "$toggle_state_binding_name": "#world_type_radio_amplified",
          "$radio_label_text": "generator.amplified"
        }
      },*/
      {
        "old_world_type_toggle@settings_common.radio_with_label": {
          "ignored": "$is_publish",
          "$toggle_state_binding_name": "#world_type_radio_old",
          "$radio_label_text": "generator.old"
        }
      }
    ]
  }
}