{
  "namespace": "chat",

  "Tab@common_buttons.light_text_button": {
    "$pressed_button_name": "button.send",
    "anchor_from": "bottom_right",
    "anchor_to": "bottom_right"
  },

  "auto_complete_panel": {
    "type": "panel",
    "size": [ "100%", 7980 ],
    "anchor_from": "bottom_left",
    "anchor_to": "bottom_left",
    "controls": [
      {
        "panel": {
          "type": "panel",
          "size": [ "100%", "100%" ],
          "max_size": [ "100%", "100%" ],
          "min_size": [ 0, 0 ],

          "anchor_from": "bottom_left",
          "anchor_to": "bottom_left",
          "controls": [
            {
              "auto_complete_grid": {
                "type": "grid",
                "grid_item_template": "chat.auto_complete_panel_contents_with_item",
                "grid_fill_direction": "vertical",
                "collection_name": "auto_complete",
                "anchor_from": "bottom_left",
                "anchor_to": "bottom_left",
                "size": [ "100%", "100%" ],
                "bindings": [
                  {
                    "binding_name": "#get_grid_size",
                    "binding_type": "collection",
                    "binding_collection_name": "auto_complete"
                  }
                ]
              }
            }
          ]
        }
      }
    ]
  },

  "chat_bottom_panel": {
    "type": "stack_panel",
    "orientation": "horizontal",
    "anchor_from": "bottom_middle",
    "anchor_to": "bottom_middle",
    "size": [ "100%", 27 ],
    "min_size": [ "100%", 27 ],
    "controls": [
//    { "keyboard_button@chat.keyboard_button": {} },
      { "host_main_button@host_options.host_main_button": { "ignored": "$is_pregame" } },
      { "chat_settings@chat.chat_settings_button": {} },
      { "text_box@chat.text_edit_box": {} },
    {
      "chat_previous@chat.Tab": {
        "$pressed_button_name": "button.chat_previous_message",
        "size": [ 30, 30 ],
        "$button_text": "Up"
      }
      },
      {
      "chat_next@chat.Tab": {
        "$pressed_button_name": "button.chat_next_message",
        "size": [ 30, 30 ],
        "$button_text": "Down"
        }
      },
      {
      "chat_autocomplete_back@chat.Tab": {
        "$pressed_button_name": "button.chat_autocomplete_back",
        "size": [ 30, 30 ],
        "$button_text": "tab"
        }
      },
      { "send_button@chat.send_button": { "offset": [ -20, 0 ] } }
    ]
  },


  "chat_screen_content": {
    "type": "panel",
    "controls": [
      { "instruction@chat.instruction": { "layer": 3 } },
      { "messages_panel@chat.messages_scrolling_panel": {} },
      { "chat_bottom_panel@chat.chat_bottom_panel": { "layer": 2 } },
      { "chat_top_panel@chat.chat_header": { "layer": 2 } },
      { "host_main_panel@host_options.host_panel": { "layer": 4 } },
      { "popup_factory@chat_settings.popup_factory": {} }
    ]
  },

  "instruction@common.scrolling_panel": {
    "size": [ "100%", "80%" ],
    "anchor_from": "center",
    "anchor_to": "center",
    "layer": 3,
    "$show_background": true,
    "$scroll_track_size": [ 5, "100% - 4px" ],
    "$scroll_track_offset|default": [ -4, 2 ],
    "$scrolling_content": "chat.auto_complete_panel",

    "$jump_to_bottom_on_update": true,
    "$show_background": false,
    "$always_handle_scrolling": true

  }
}