{
  "namespace": "crafting_pocket",

 "throw_away@common_buttons.light_text_button": {
    "$button_text": "Craft",
    "anchor_from": "bottom_right",
    "anchor_to": "bottom_right",
    "type": "button",
    "property_bag": {
      "#collection_name": "crafting_output_items",
      "#collection_index": 0
    },
    "button_mappings": [
      {
        "from_button_id": "button.menu_select",
        "to_button_id": "button.cursor_drop_one",
        "mapping_type": "pressed"
      }
    ]
  },

  "One-click_synthesis@common_buttons.light_text_button": {
    "$button_text": "Craft",
    "anchor_from": "bottom_right",
    "anchor_to": "bottom_right",
    "type": "button",
    "property_bag": {
      "#collection_name": "crafting_output_items",
      "#collection_index": 0
    },
    "button_mappings": [
      {
        "from_button_id": "button.menu_select",
        "to_button_id": "button.crafting_output_tertiary",
        "mapping_type": "pressed"
      },
      {
        "from_button_id": "button.menu_ok",
        "to_button_id": "button.crafting_output_tertiary",
        "mapping_type": "pressed"
      }
    ]
  },

  "hotbar_panel": {
    "type": "input_panel",
    "size": [ 260, 36 ],
    "controls": [
      {
        "bg@common.common_panel": {
          "$show_close_button": false
        }
      },
      {
        "throw_away@throw_away": {
          "size": [ 35, 35 ],
          "offset": [ 35, 0 ]
        }
      },
      {
        "hotbar_grid": {
          "type": "grid",
          "size": [ 252, 28 ],
          "layer": 1,
          "anchor_from": "center",
          "anchor_to": "center",
          "grid_dimensions": [ 9, 1 ],
          "grid_item_template": "crafting_pocket.hotbar_grid_item",
          "collection_name": "hotbar_items"
        }
      }
    ]
  },

  "survival_panel_pocket": {
    "type": "panel",
    "size": [ "100%", "100%" ],
    "anchor_to": "top_left",
    "anchor_from": "top_left",
    "controls": [
      {
        "crafting_panel@crafting_pocket.crafting_grid_2x2_with_label": {
          "$grid_label_alignment": "center",
          "offset": [ 0, 30 ]
        }
      },
      {
        "crafting_arrow_down@crafting_pocket.crafting_arrow_down": {
          "offset": [ 0, "55%" ],
          "bindings": [
            {
              "binding_type": "view",
              "source_control_name": "content",
              "resolve_sibling_scope": true,
              "source_property_name": "(not #needs_crafting_table)",
              "target_property_name": "#visible"
            }
          ]
        }
      },
      {
        "One-click_synthesis@One-click_synthesis": {
          "size": [ 45, 20 ],
          "offset": [ -100, -47 ]
        }
      },
      {
        "crafting_table@crafting.item_renderer": {
          "size": [ 28, 28 ],
          "layer": 2,
          "offset": [ 5, 25 ],
          "property_bag": {
            "#item_id_aux": 3801088
          },
          "bindings": [
            {
              "binding_type": "view",
              "source_control_name": "content",
              "resolve_sibling_scope": true,
              "source_property_name": "(#needs_crafting_table)",
              "target_property_name": "#visible"
            }
          ]
        }
      },
      {
        "output@crafting_pocket.output_grid_and_label": {
          "anchor_from": "bottom_middle",
          "anchor_to": "bottom_middle",
          "offset": [ 0, -18 ]
        }
      }
    ],
    "bindings": [
      {
        "binding_name": "#needs_crafting_table",
        "binding_condition": "visible"
      }
    ]
  },

  "survival_panel_crafting_pocket": {
    "type": "panel",
    "size": [ "100%", "100%" ],
    "anchor_to": "top_left",
    "anchor_from": "top_left",
    "controls": [
      {
        "crafting_panel@crafting_pocket.crafting_grid_3x3_with_label": {
          "$grid_label_alignment": "center",
          "offset": [ 0, 10 ]
        }
      },
      {
        "One-click_synthesis@One-click_synthesis": {
          "size": [ 45, 20 ],
          "offset": [ -100, -50 ],
          "$button_text": "Craft",
          "$pressed_button_name": "button.chat_autocomplete"
        }
      },
      {
        "output@crafting_pocket.output_grid_and_label": {
          "anchor_from": "bottom_middle",
          "anchor_to": "bottom_middle",
          "offset": [ 0, -18 ]
        }
      }
    ]
  }
}
