{
  "namespace": "crafting",

  //---------------------------------------------------------------------------
  // Common
  //---------------------------------------------------------------------------
  "Quick_take@crafting.scroll_panel": {
    "$scrolling_content": "crafting.Quick_access_controls",
    "$collection_name": "recipe_book"
  },

  "Quick_access_controls@crafting.crafting_root_panel": {
    "type": "input_panel",
    "size": [
      "100%",
      "100%c + 2px"
    ],
    "controls": [{
      "grid": {
        "type": "grid",
        "size": [
          "100%",
          "default"
        ],
        "layer": 1,
        "anchor_to": "top_left",
        "anchor_from": "top_left",
        "$binding_condition|default": "visible",
        "$grid_item_precache_count|default": 0,
        "$grid_item_template|default": "crafting.Quick_access_controls_2",
        "collection_name": "$collection_name",
        "grid_rescaling_type": "horizontal",
        "grid_item_template": "$grid_item_template",
        "bindings": [{
          "binding_name": "#recipe_book_total_items",
          "binding_name_override": "#maximum_grid_items",
          "binding_condition": "$binding_condition",
          "binding_type": "collection",
          "binding_collection_name": "$collection_name"
        }]
      }
    }]
  },

  "Quick_access_controls_2@crafting.inventory_container_item": {
    "$stack_count_required": true,
    "$durability_bar_required": false,
    "$item_renderer_binding_condition": "visible",
    "$button_ref": "crafting.Quick_access_controls_3",
    "$background_images": "crafting.recipe_container_cell_images",

    "$slot_selected_binding_name": "#is_creative_selected_slot",

    "$stack_count_binding_name": "#recipe_craftable_count",
    "$item_collection_name": "recipe_book",
    "$size|default": [18, 18],
    "$hover_text_binding_name": "#recipe_hover_text",
    "size": "$size"
  },


  "Quick_access_controls_3@crafting.no_coalesce_container_slot_button": {
    "$button_take_all_place_all": "button.recipe_tertiary",
    "$button_take_half_place_one": "button.recipe_secondary",
    "$button_auto_place": "button.recipe_tertiary"
  },
//synthesis
  "One-click_synthesis": {
    "anchor_from": "bottom_right",
    "anchor_to": "bottom_right",
    "type": "button",
    "property_bag": {
      "#collection_name": "crafting_output_items",
      "#collection_index": 0
    },
    "button_mappings": [{
        "from_button_id": "button.menu_select",
        "to_button_id": "button.crafting_output_tertiary",
        "mapping_type": "pressed"
      },
      {
        "from_button_id": "button.menu_ok",
        "to_button_id": "button.crafting_output_tertiary",
        "mapping_type": "pressed"
      }
    ]
  },

  "One-click_synthesis_3x3": {
    "type": "grid",
    "grid_dimensions": [ 1, 1 ],
    "collection_name": "crafting_output_items",
    "anchor_from": "top_left",
    "anchor_to": "top_left",
    "size": [ 26, 26 ],
    "controls": [
      {
        "work_bench_output@crafting.inventory_container_item": {
          "size": [ 26, 26 ],
          "$cell_image_size": [ 26, 26 ],
          "$item_collection_name": "crafting_output_items",
          "$button_ref": "crafting.One-click_synthesis",
          "$stack_count_binding_condition": "always",
          "$item_renderer_binding_condition": "always",
          "$background_images": "crafting.background_color",
          "$focus_id_binding_type": "none",
          "$focus_id": "crafting_output_item",
          "$focus_override_right_binding_type": "none",
          "$focus_override_right": "FOCUS_OVERRIDE_STOP"
        }
      }
    ]
  },

  "One-click_synthesis_2x2": {
    "type": "grid",
    "grid_dimensions": [ 1, 1 ],
    "collection_name": "crafting_output_items",
    "anchor_from": "top_left",
    "anchor_to": "top_left",
    "size": [ 18, 18 ],
    "controls": [
      {
        "work_bench_output@crafting.inventory_container_item": {
          "$item_collection_name": "crafting_output_items",
          "$button_ref": "crafting.One-click_synthesis",
          "$background_images": "crafting.background_color",
          "$item_renderer_binding_condition": "always",
          "$stack_count_binding_condition": "always",
          "$focus_id_binding_type": "none",
          "$focus_id": "crafting_output_item",
          "$focus_override_left_binding_type": "none",
          "$focus_override_left": "crafting_input_top_right",
          "$focus_override_up_binding_type": "none",
          "$focus_override_up": "help_button"
        }
      }
    ]
  },


  "background_color@crafting.background_color_1": {
    "$cell_images_binding_condition": "always"
  },

  "background_color_1": {
    "type": "panel",
    "$cell_images_binding_condition|default": "visible",
    "controls": [
      { "cell_classic@crafting.background_color_map": {} },
      { "cell_normal@crafting.cell_image_normal": {} },
      { "cell_invert@crafting.cell_image_invert": {} },
      { "cell_red@crafting.cell_image_red": {} },
      { "cell_selected@crafting.cell_image_selected": {} },
      { "cell_hint@game_tip.cell_image_classic_hint": {} },
      { "cell_darkgrey@crafting.cell_image_darkgrey": {}}
    ],
    "bindings": [
      {
        "binding_name": "#container_item_background",
        "binding_type": "collection",
        "binding_collection_name": "$item_collection_name",
        "binding_condition": "$cell_images_binding_condition"
      }
    ]
  },

  "background_color_map@crafting.cell_image": {
    "texture": "textures/ui/green",
    "$cell_image_size|default": [ "default", "default" ],
    "size": "$cell_image_size",
    "bindings": [
      {
        "binding_type": "view",
        "source_control_name": "$background_image_control_name",
        "resolve_sibling_scope": true,
        "source_property_name": "(#container_item_background = 0)",
        "target_property_name": "#visible"
      }
    ]
  },




//components
  "normal@common.container_slot_button_prototype": {
    "$button_take_half_place_one|default": "button.container_take_half_place_one",
    "$button_auto_place|default": "button.container_auto_place",
    "$button_take_all_place_all|default": "button.container_take_all_place_all",
    "$coalesce_button|default": "button.coalesce_stack",
    "$item_painting_button|default": "button.shape_drawing",
    "button_mappings": [{
        "from_button_id": "button.menu_cancel",
        "to_button_id": "button.try_menu_exit",
        "mapping_type": "pressed"
      },
      {
        "from_button_id": "button.menu_select",
        "to_button_id": "$button_take_all_place_all",
        "mapping_type": "pressed"
      },
      {
        "from_button_id": "button.menu_ok",
        "to_button_id": "$button_take_all_place_all",
        "mapping_type": "pressed"
      },
      {
        "from_button_id": "button.menu_secondary_select",
        "to_button_id": "$button_take_half_place_one",
        "mapping_type": "pressed"
      },
      {
        "from_button_id": "button.controller_select",
        "to_button_id": "$button_take_half_place_one",
        "mapping_type": "pressed"
      },
      {
        "from_button_id": "button.menu_auto_place",
        "to_button_id": "$button_auto_place",
        "mapping_type": "pressed"
      },
      {
        "from_button_id": "button.controller_secondary_select",
        "to_button_id": "$button_auto_place",
        "mapping_type": "pressed"
      },
      {
        "from_button_id": "button.menu_inventory_drop",
        "to_button_id": "button.drop_one",
        "mapping_type": "pressed"
      },
      {
        "from_button_id": "button.menu_inventory_drop_all",
        "to_button_id": "button.drop_all",
        "mapping_type": "pressed"
      },
      {
        "from_button_id": "button.menu_select",
        "to_button_id": "$coalesce_button",
        "mapping_type": "double_pressed"
      },
      {
        "from_button_id": "button.menu_ok",
        "to_button_id": "$coalesce_button",
        "mapping_type": "double_pressed"
      },
      {
        "to_button_id": "$item_painting_button",
        "mapping_type": "pressed"
      },
      {
        "to_button_id": "button.container_slot_hovered",
        "mapping_type": "pressed"
      }
    ]
  },
  "delete@common.container_slot_button_prototype": {
    "$button_take_all_place_all|default": "button.container_auto_destroy",
    "$button_auto_place|default": "button.container_auto_place",
    "$coalesce_button|default": "button.coalesce_stack",
    "$item_painting_button|default": "button.shape_drawing",
    "button_mappings": [{
        "from_button_id": "button.menu_select",
        "to_button_id": "$button_take_all_place_all",
        "mapping_type": "pressed"
      }
    ]
  },
  "take_it@common.container_slot_button_prototype": {
    "$button_take_all_place_all|default": "button.container_auto_place",
    "$button_auto_place|default": "button.container_auto_place",
    "$coalesce_button|default": "button.coalesce_stack",
    "$item_painting_button|default": "button.shape_drawing",
    "button_mappings": [{
        "from_button_id": "button.menu_select",
        "to_button_id": "$button_take_all_place_all",
        "mapping_type": "pressed"
      },
      {
        "from_button_id": "button.menu_select",
        "to_button_id": "$coalesce_button",
        "mapping_type": "double_pressed"
      }
    ]
  },




  //---------------------------------------------------------------------------
  // Player and armor
  //---------------------------------------------------------------------------

  "armor_overlay": {
    "type": "image",
    "layer": 2,
    "$armor_overlay_size|default": [ 16, 16 ],
    "size": "$armor_overlay_size",
    "bindings": [
      {
        "binding_name": "#empty_armor_image_visible",
        "binding_name_override": "#visible",
        "binding_type": "collection",
        "binding_collection_name": "$item_collection_name"
      }
    ]
  },

  "offhand_overlay": {
    "type": "image",
    "layer": 2,
    "$offhand_overlay_size|default": [ 16, 16 ],
    "size": "$offhand_overlay_size",
    "bindings": [
      {
        "binding_name": "#empty_offhand_image_visible",
        "binding_name_override": "#visible",
        "binding_type": "collection",
        "binding_collection_name": "$item_collection_name"
      }
    ]
  },

  "armor_overlay_helmet@armor_overlay": {
    "texture": "textures/ui/empty_armor_slot_helmet"
  },

  "armor_overlay_chest@armor_overlay": {
    "texture": "textures/ui/empty_armor_slot_chestplate"
  },

  "armor_overlay_legs@armor_overlay": {
    "texture": "textures/ui/empty_armor_slot_leggings"
  },

  "armor_image_feet@armor_overlay": {
    "texture": "textures/ui/empty_armor_slot_boots"
  },

  "armor_overlay_shield@offhand_overlay": {
    "texture": "textures/ui/empty_armor_slot_shield"
  },

  "player_armor_panel": {
    "type": "panel",
    "size": [ 88, 83 ],
    "anchor_to": "top_left",
    "anchor_from": "top_left",
    "controls": [
      {
        "player_bg": {
          "type": "image",
          "texture": "textures/ui/Black",
          "size": [ 52, 70 ],
          "layer": 2,
          "anchor_from": "top_left",
          "anchor_to": "top_left",
          "offset": [ 26, 8 ],
          "controls": [
            {
              "player_renderer_panel": {
                "type": "panel",
                "size": [ 30, 30 ],
                "offset": [ 0, -14 ],

                "controls": [
                  {
                    "player_renderer": {
                      "type": "custom",
                      "renderer": "live_player_renderer",
                      "property_bag": {
                        "#look_at_cursor": true
                      },
                      "animation_reset_name": "screen_animation_reset",
                      "anims": [
                        "@common.screen_exit_size_animation_push",
                        "@common.screen_exit_size_animation_pop",
                        "@common.screen_entrance_size_animation_push",
                        "@common.screen_entrance_size_animation_pop"
                      ],
                      "layer": 8,
                      "anchor_from": "center",
                      "anchor_to": "center"
                    }
                  }
                ]
              }
            }
          ]
        }
      },
      {
        "player_preview_border": {
          "type": "image",
          "texture": "textures/ui/player_preview_border",
          "size": [ 54, 72 ],
          "layer": 1,
          "anchor_from": "top_left",
          "anchor_to": "top_left",
          "offset": [ 25, 7 ]
        }
      },
      {
        "armor_grid": {
          "type": "grid",
          "layer": 1,
          "size": [ 18, 72 ],
          "anchor_from": "top_left",
          "anchor_to": "top_left",
          "offset": [ 7, 7 ],
          "grid_dimensions": [ 1, 4 ],
          "$item_collection_name": "armor_items",
          "collection_name": "$item_collection_name",
          "controls": [
            {
              "head_grid_item@common.container_item": {
                "grid_position": [ 0, 0 ],
                "$cell_overlay_ref": "crafting.armor_overlay_helmet",
                "$button_ref": "crafting.no_coalesce_container_slot_button",

                "$focus_id_binding_type": "none",
                "$focus_id": "armor_item_head",

                "$focus_override_right_binding_type": "none",
                "$focus_override_right": "crafting_input_top_left"
              }
            },
            {
              "chest_grid_item@common.container_item": {
                "grid_position": [ 0, 1 ],
                "$cell_overlay_ref": "crafting.armor_overlay_chest",
                "$button_ref": "crafting.no_coalesce_container_slot_button",

                "$focus_id_binding_type": "none",
                "$focus_id": "armor_item_chest",

                "$focus_override_right_binding_type": "none",
                "$focus_override_right": "crafting_input_top_left"
              }
            },
            {
              "legs_grid_item@common.container_item": {
                "grid_position": [ 0, 2 ],
                "$cell_overlay_ref": "crafting.armor_overlay_legs",
                "$button_ref": "crafting.no_coalesce_container_slot_button",

                "$focus_id_binding_type": "none",
                "$focus_id": "armor_item_legs",

                "$focus_override_right_binding_type": "none",
                "$focus_override_right": "crafting_input_mid_left"
              }
            },
            {
              "feet_grid_item@common.container_item": {
                "grid_position": [ 0, 3 ],
                "$cell_overlay_ref": "crafting.armor_image_feet",
                "$button_ref": "crafting.no_coalesce_container_slot_button",

                "$focus_id_binding_type": "none",
                "$focus_id": "armor_item_feet",

                "$focus_override_right_binding_type": "none",
                "$focus_override_right": "offhand_items0"
              }
            }
          ]
        }
      },
      {
        "offhand_grid": {
          "type": "grid",
          "layer": 1,
          "size": [ 18, 18 ],
          "anchor_from": "top_left",
          "anchor_to": "top_left",
          "offset": [ 79, 61 ],
          "grid_dimensions": [ 1, 1 ],
          "$item_collection_name": "offhand_items",
          "collection_name": "$item_collection_name",
          "controls": [
            {
              "offhand_grid_item@common.container_item": {
                "grid_position": [ 0, 0 ],
                "$cell_overlay_ref": "crafting.armor_overlay_shield",
                "$button_ref": "crafting.no_coalesce_container_slot_button",

                "$focus_override_left_binding_type": "none",
                "$focus_override_left": "armor_item_feet"
              }
            }
          ]
        }
      }
    ]
  },

  "work_bench_panel_3x3": {
    "type": "panel",
    "anchor_to": "top_left",
    "anchor_from": "top_left",
    "controls": [
      {
        "crafting_label_0@crafting_label": {
          "offset": [ -1, 6 ]
        }
      },
      {
        "inventory_label@inventory_label": { //? refactor this out
          "offset": [ -21, 72 ]
        }
      },
      {
        "crafting_arrow_large@crafting_arrow_large": {
          "offset": [ 61, 35 ]
        }
      },
      {
        "一件合成@crafting.One-click_synthesis_3x3": {
          "offset": [94, 16]
        }
      },
      {
        "crafting_grid_3x3@crafting_grid_3x3": {
          "offset": [ 0, 16 ]
        }
      },
      {
        "work_bench_output_grid@crafting.output_grid_3x3": {
          "offset": [ 94, 44 ]
        }
      }
    ]
  },

  "crafting_panel_2x2": {
    "type": "panel",
    "size": [ 88, 83 ],
    "anchor_from": "top_middle",
    "anchor_to": "top_left",
    "controls": [
      {
        "crafting_arrow@crafting_arrow": {
          "offset": [ 46, 29 ],
          "bindings": [
            {
              "binding_type": "view",
              "source_control_name": "crafting_panel",
              "resolve_sibling_scope": true,
              "source_property_name": "(not #needs_crafting_table)",
              "target_property_name": "#visible"
            }
          ]
        }
      },
      {
        "crafting_table@crafting.item_renderer": {
          "offset": [ 10, -5 ],
          "property_bag": {
            "#item_id_aux": 3801088
          },
          "bindings": [
            {
              "binding_type": "view",
              "source_control_name": "crafting_panel",
              "resolve_sibling_scope": true,
              "source_property_name": "(#needs_crafting_table)",
              "target_property_name": "#visible"
            }
          ]
        }
      },
/*
{
    "online_safety_dialog@common_dialogs.main_panel_three_buttons": {
      "size": [ 300, 200 ],
      "$fill_alpha": 1,
  
      "layer": 101,
      "$text_name": "One-click_synthesis",
      "$description_text": "Make sure to synthesize all？",
      "$button_size": [ "100%", 30 ]
    }
  },
*/
      {
        "one_piece_synthetic@crafting.One-click_synthesis_2x2": {
          "offset": [64, 13]
        }
      },
      {
        "crafting_grid_2x2@crafting.crafting_grid_2x2": {
          "offset": [ 8, 17 ]
        }
      },
      {
        "survival_crafting_output_grid@crafting.output_grid_2x2": {
          "offset": [ 64, 40 ]
        }
      }
    ],
    "bindings": [
      {
        "binding_name": "#needs_crafting_table",
        "binding_condition": "visible"
      }
    ]
  },


  "recipe_book1@crafting.crafting_root_panel": {
    "layer": 2,
    "controls": [
      {
        "bg@common.common_panel": {
          "$show_close_button": false
        }
      },
      {
        "gamepad_helper_bumpers@crafting.gamepad_helper_bumpers": {
          "size": [ 146, 16 ],
          "offset": [ 0, -5 ],
          "anchor_from": "top_left",
          "anchor_to": "bottom_left"
        }
      },
      {
        "tab_navigation_panel@crafting.tab_navigation_panel_layout": {
          "size": [ 146, 23 ],
          "anchor_from": "top_left",
          "anchor_to": "bottom_left",

          "$is_search_right_most_tab": "#is_recipe_book_layout",
          "bindings": [
            {
              "binding_type": "global",
              "binding_name": "#is_recipe_book_layout"
            }
          ]
        }
      },
      {
        "tab_content_panel@crafting.tab_content": {
          "size": [ "100%", "100%" ],
          "layer": 2,
          "$scrolling_pane_control": "crafting.Quick_take"
        }
      },
      {
        "creative_hotbar_panel@crafting.creative_hotbar_panel": {
          "layer": 3,
          "offset": [ 0, -5 ],
          "anchor_from": "bottom_middle",
          "anchor_to": "top_middle",
          "bindings": [
            {
              "binding_type": "global",
              "binding_name": "#is_creative_layout",
              "binding_name_override": "#visible"
            }
          ]
        }
      }
    ]
  },



  "recipe_inventory_screen_content": {
    "type": "panel",
    "controls": [
      {
        "content_stack_panel": {
          "type": "stack_panel",
          "size": [ 326, 166 ],
          "orientation": "horizontal",

          "controls": [
            {
              "recipe_book1@crafting.recipe_book1": {
                "size": [ "fill", "100%" ],
                "bindings": [
                  {
                    "binding_type": "global",
                    "binding_name": "#is_survival_layout",
                    "binding_name_override": "#visible"
                  }
                ]
              }
            },

            {
              "recipe_book@crafting.recipe_book": {
                "size": [ "fill", "100%" ],
                "bindings": [
                  {
                    "binding_type": "global",
                    "binding_name": "(not #is_survival_layout)",
                    "binding_name_override": "#visible"
                  }
                ]
              }
            },



            {
              "center_fold1@crafting.center_fold": {
                "size": [ 4, 166 ],
                "bindings": [
                  {
                    "binding_type": "global",
                    "binding_name": "#is_survival_layout",
                    "binding_name_override": "#visible"
                  }
                ]
              }
            },

            {
              "center_fold@crafting.center_fold": {
                "size": [ 4, 166 ],
                "bindings": [
                  {
                    "binding_type": "global",
                    "binding_name": "#is_recipe_book_layout",
                    "binding_name_override": "#visible"
                  }
                ]
              }
            },
            {
              "player_inventory@common.root_panel": {
                "layer": 4,
                "bindings": [
                  {
                    "binding_type": "global",
                    "binding_name": "(not #is_creative_layout)",
                    "binding_name_override": "#visible"
                  }
                ],
                "controls": [{
                    "common_panel@common.common_panel": {
                      "offset": [0, 0],
                      "$show_close_button": false
                    }
                  },
                  {
                    "inventory_panel_top_half@$top_half_variant": {
                      "layer": 2
                    }
                  },
                  {
                    "backpack_delete@common.inventory_panel_bottom_half": {
                      "layer": 2,
                      "$button_ref": "crafting.delete",
                      "$background_images": "crafting.container_cell_images",
                      "bindings": [{
                        "binding_type": "global",
                        "binding_name": "(not #is_survival_layout)",
                        "binding_name_override": "#visible"
                      }]
                    }
                  },
                  {
                    "inventory_delete@common.hotbar_grid_template": {
                      "layer": 2,
                      "$button_ref": "crafting.delete",
                      "$background_images": "crafting.container_cell_images",
                      "bindings": [{
                        "binding_type": "global",
                        "binding_name": "(not #is_survival_layout)",
                        "binding_name_override": "#visible"
                      }]
                    }
                  },
                  {
                    "Backpack_finishing@common.inventory_panel_bottom_half": {
                      "layer": 2,
                      "$button_ref": "crafting.take_it",
                      "$background_images": "crafting.container_cell_images",
                      "bindings": [{
                        "binding_type": "global",
                        "binding_name": "#is_survival_layout",
                        "binding_name_override": "#visible"
                      }]
                    }
                  },
                  {
                    "Inventory_arrangement@common.hotbar_grid_template": {
                      "layer": 2,
                      "$button_ref": "crafting.take_it",
                      "$background_images": "crafting.container_cell_images",
                      "bindings": [{
                        "binding_type": "global",
                        "binding_name": "#is_survival_layout",
                        "binding_name_override": "#visible"
                      }]
                    }
                  },
                  {
                    "normal_backpack@common.inventory_panel_bottom_half": {
                      "layer": 2,
                      "$button_ref": "crafting.inventory_container_slot_button",
                      "$background_images": "crafting.container_cell_images",
                      "bindings": [{
                        "binding_type": "global",
                        "binding_name": "#is_recipe_book_layout",
                        "binding_name_override": "#visible"
                      }]
                    }
                  },
                  {
                    "Inventory_is_normal@common.hotbar_grid_template": {
                      "layer": 2,
                      "$button_ref": "crafting.inventory_container_slot_button",
                      "$background_images": "crafting.container_cell_images",
                      "bindings": [{
                        "binding_type": "global",
                        "binding_name": "#is_recipe_book_layout",
                        "binding_name_override": "#visible"
                      }]
                    }
                  }
                ]
              }
            },
            {
              "toolbar_anchor": {
                "type": "panel",
                "size": [ 0, "100%" ],
                "controls": [
                  {
                    "toolbar_panel@crafting.toolbar_panel": {
                      "anchor_from": "top_right",
                      "anchor_to": "bottom_right"
                    }
                  }
                ]
              }
            }
          ]
        }
      },

      { "inventory_take_progress_icon_button@common.inventory_take_progress_icon_button": {} },
      { "inventory_selected_icon_button@common.inventory_selected_icon_button": {} },
      { "hold_icon@common.inventory_take_progress_icon_button": {} },
      {
        "controller_gamepad_helpers_stack_panel": {
          "type": "stack_panel",
          "anchor_from": "bottom_middle",
          "anchor_to": "bottom_middle",
          "controls": [
            { "container_gamepad_helpers_second_row@crafting.container_gamepad_helpers_second_row": {} },
            {
              "container_gamepad_helpers@common.container_gamepad_helpers": {
                "$helper_x_control": "crafting.inventory_x_gamepad_helper",
                "$helper_y_control": "crafting.inventory_y_gamepad_helper",
                "$helper_a_control": "crafting.inventory_a_gamepad_helper"
              }
            }
          ],
          "bindings": [
            {
              "binding_name": "#gamepad_helper_visible",
              "binding_name_override": "#visible"
            }
          ]
        }
      },
      {
        "flying_item_renderer@common.flying_item_renderer": {
          "layer": 13
        }
      },
      {
        "game_tip@game_tip.game_tip_panel": {
          "layer": 100,
          "$offset|default": [ 0, 110 ],
          "variables": [
            {
              "requires": "$game_pad",
              "$offset": [ 0, "38%" ]
            }
          ],
          "offset": "$offset"
        }
      },
      { "selected_item_details_factory@common.selected_item_details_factory": {} }
    ]
  }
}
