{
  "namespace": "pocket_containers",
  "main_button@common_buttons.light_glyph_button": {
    "type": "stack_panel",
    "size": [27, 27],
    "orientation": "horizontal",
    "anchor_from": "top_middle", 
    "anchor_to": "top_middle",
    "$radio_toggle_group": true, 
    "controls": [
      {
        "1": {
          "type": "panel",
          "size": [ "100%c","100%" ],
            "controls": [
            {
              "normal@pocket_containers.button_control": {
              "$button_content": "pocket_containers.normal_texture",
              "size": [35, 25],
              "$toggle_group_forced_index": 1,
              "$tab_view_binding_name": "normal_mode"
              }
            }
          ]
        }
      },
      {
        "2": {
          "type": "panel",
          "size": [ "100%c","100%" ],
            "controls": [
            {
              "fast@pocket_containers.button_control": {
              "$button_content": "pocket_containers.Quick_Map",
              "size": [35, 25],
              "$toggle_group_forced_index": 2,
              "$tab_view_binding_name": "shortcut_mode"
              }
            }
          ]
        }
      }
    ]
  },
    "normal_texture": {
        "type": "image",
        "size": [19, 13],
        "texture": "textures/ui/refresh"
    },
    "Quick_Map": {
        "type": "image",
        "size": [19, 13],
        "texture": "textures/ui/move"
    },
    "button_control@common.button": {
        "$unchecked_control|default": "common_toggles.toggle_unchecked",
        "$checked_control|default": "common_toggles.toggle_checked",
        "$unchecked_hover_control|default": "common_toggles.toggle_unchecked_hover",
        "$checked_hover_control|default": "common_toggles.toggle_checked_hover",
        "$unchecked_locked_control|default": "common_toggles.toggle_locked",
        "$unchecked_locked_hover_control|default": "common_toggles.toggle_locked",
        "$checked_locked_control|default": "common_toggles.toggle_locked",
        "$checked_locked_hover_control|default": "common_toggles.toggle_locked",
        "$default_texture|default": "textures/ui/button_borderless_light",
        "$hover_texture|default": "textures/ui/button_borderless_lightpressednohover",
        "$pressed_texture|default": "textures/ui/button_borderless_lighthover",
        "$pressed_no_hover_texture|default": "textures/ui/button_borderless_lightpressed",
        "$button_mappings|default": [
            {
                "from_button_id": "button.menu_select",
                "to_button_id": "button.menu_select",
                "mapping_type": "pressed"
            },
            {
                "from_button_id": "button.menu_ok",
                "to_button_id": "button.menu_ok",
                "mapping_type": "focused"
            },
            {
                "ignored": "(not $enable_directional_toggling)",
                "from_button_id": "button.menu_left",
                "to_button_id": "$toggle_off_button",
                "mapping_type": "pressed",
                "input_mode_condition": "gamepad_and_not_gaze"
            },
            {
                "ignored": "(not $enable_directional_toggling)",
                "from_button_id": "button.menu_right",
                "to_button_id": "$toggle_on_button",
                "mapping_type": "pressed",
                "input_mode_condition": "gamepad_and_not_gaze"
            }
        ],
        "$tab_view_binding_name|default": "tab",
        "$tab_panel|default": "common_tabs.tab_panel",
        "$is_checked_state|default": false,
        "controls": [
            {
                "$tab_view_binding_name@common.toggle": {
                    "$toggle_tts_name": "$top_tab_tts_name",
                    "$toggle_tts_enabled_binding_type": "global",
                    "$toggle_reset_on_focus_lost|default": true,
                    "reset_on_focus_lost": "$toggle_reset_on_focus_lost"
                }
            }
        ]
    },
  "generic_label": {
    "type": "label",
    "layer": 2,
    "anchor_from": "center",
    "anchor_to": "center",
    "color": "$pocket_title_text_color"
  },

  //----------------------
  // Header Panel
  //----------------------

  "header_panel": {
    "type": "panel",
    "layer": 1,
    "size": [ "50%", "27px" ],
    "anchor_from": "top_left",
    "anchor_to": "top_left",
    "controls": [
      {
        "header_background": {
          "type": "image",
          "texture": "textures/ui/header_bar"
        }
      },
      {
        "title_label@generic_label": { "text": "$header_label" }
      }
    ]
  },

  "header_area": {
    "type": "panel",
    "controls": [
      { "x@common.legacy_pocket_close_button": { "layer": 3 } },
      {
        "inventory_header@pocket_containers.header_panel": {
          "$header_label": "chestScreen.header.player"
        }
      },
      {
        "container_header@pocket_containers.header_panel": {
          "layer": 2,
          "anchor_from": "top_middle",
          "$header_label": "$container_title"
        }
      }
    ]
  },

  //-----------------
  // Inventory Panels
  //-----------------

  "dark_bg": {
    "type": "image",
    "texture": "textures/ui/dark_bg",
    "layer": 3
  },

  "panel_outline": {
    "type": "image",
    "texture": "textures/ui/panel_outline"
  },

  "background_panel": {
    "type": "image",
    "size": [ "100%", "100%" ],
    "texture": "textures/ui/background_panel",
    "layer": 2
  },

  "fast": {
    "type": "grid",
    "grid_rescaling_type": "horizontal",
    "anchor_to": "top_left",
    "anchor_from": "top_left",
    "size": [ "100%", "default" ],
    "maximum_grid_items": "$container_size",
    "collection_name": "$pane_collection",
    "grid_item_template": "pocket_containers.Quick_component",
    "$item_collection_name": "$pane_collection"
  },

  "normal": {
    "type": "grid",
    "grid_rescaling_type": "horizontal",
    "anchor_to": "top_left",
    "anchor_from": "top_left",
    "size": [ "100%", "default" ],
    "maximum_grid_items": "$container_size",
    "collection_name": "$pane_collection",
    "grid_item_template": "pocket_containers.Quick_component",
    "$item_collection_name": "$pane_collection"
  },

  "inventory_panel": {
    "type": "panel",
    "size": [ "80%", "95%" ],
    "anchor_to": "center",
    "anchor_from": "center",
    "controls": [
      {
        "1@common.scrolling_panel": {
          "layer": 1,
          "$scrolling_pane_size": [ "100%", "100%" ],
          "$scrolling_content": "pocket_containers.fast",
          "$scroll_box_mouse_image_control": "common-classic.button_state_default",
          "$scroll_size": [ "8px", "100%" ],
          "bindings": [
            {
              "binding_type": "view",
              "source_control_name": "shortcut_mode",
              "source_property_name": "#toggle_state",
              "target_property_name": "#visible"
            }
          ]
        }
      },
      {
        "2@common.scrolling_panel": {
          "layer": 1,
          "$scrolling_pane_size": [ "100%", "100%" ],
          "$scrolling_content": "pocket_containers.inventory_grid",
          "$scroll_box_mouse_image_control": "common-classic.button_state_default",
          "$scroll_size": [ "8px", "100%" ],
          "bindings": [
            {
              "binding_type": "view",
              "source_control_name": "normal_mode",
              "source_property_name": "#toggle_state",
              "target_property_name": "#visible"
            }
          ]
        }
      },
      {
        "3@common.scrolling_panel": {
          "layer": 1,
          "$scrolling_pane_size": [ "100%", "100%" ],
          "$scrolling_content": "pocket_containers.inventory_grid",
          "$scroll_box_mouse_image_control": "common-classic.button_state_default",
          "$scroll_size": [ "8px", "100%" ]
        }
      }
    ]
  },

  "half_screen": {
    "type": "panel",
    "size": [ "50%", "100%-27px" ],
    "offset": [ 0, 27 ],
    "anchor_from": "top_left",
    "anchor_to": "top_left",
    "controls": [
      { "inventory_panel@inventory_panel": {} }
    ]
  },

  //--------------------
  // Screen Definitions
  //--------------------

  "panel": {
    "type": "panel",
    "controls": [
      { "main_button@pocket_containers.main_button": { "offset": [ -20, 0 ] } },
      { "container_gamepad_helpers@common.container_gamepad_helpers": { "layer": 3 } },
      { "header@header_area": { "layer": 2 } },
      { "bg@background_panel": { "layer": 0 } },
      {
        "inventory@half_screen": {
          "$container_size": 36,
          "$pane_collection": "combined_hotbar_and_inventory_items"
        }
      },
      {
        "container@half_screen": {
          "anchor_from": "top_middle",
          "$pane_collection": "container_items"
        }
      },
      { "selected_item_details_factory@common.selected_item_details_factory": {} },
      { "gamepad_cursor@common.gamepad_cursor_button": {} },
      { "inventory_selected_icon_button@common.inventory_selected_icon_button": {} },
      { "hold_icon@common.inventory_take_progress_icon_button": {} },
      { "flying_item_renderer@common.flying_item_renderer": {} }
    ]
  },

  "small_chest_panel@panel": {
    "$container_size": 27
  },

  "large_chest_panel@panel": {
    "$container_size": 54
  },

  "hopper_panel@panel": {
    "$container_size": 5
  },

  "dispenser_panel@panel": {
    "$container_size": 9
  },

  "dropper_panel@panel": {
    "$container_size": 9
  },

  "ender_chest_panel@panel": {
    "$container_size": 27
  },
  "shulker_box_panel@small_chest_panel": {
  },
  "barrel_panel@small_chest_panel": {
  },


  "Quick_component_2": {
    "type": "button",

    "$focus_id|default": "",
    "$focus_override_down|default": "",
    "$focus_override_up|default": "",
    "$focus_override_left|default": "",
    "$focus_override_right|default": "",

    "$focus_id_binding_type|default": "collection",
    "$focus_override_down_binding_type|default": "collection",
    "$focus_override_up_binding_type|default": "collection",
    "$focus_override_left_binding_type|default": "collection",
    "$focus_override_right_binding_type|default": "collection",

    "focus_identifier": "$focus_id",
    "focus_change_down": "$focus_override_down",
    "focus_change_up": "$focus_override_up",
    "focus_change_left": "$focus_override_left",
    "focus_change_right": "$focus_override_right",
    "focus_enabled": true,
    "focus_wrap_enabled": false,
    "focus_magnet_enabled": true,
    "$highlight_control|default": "common.highlight_slot_panel",

    "default_focus_precedence": 1,
    "hover_control": "hover",
    "layer": 1,
        "bindings": [
            {
                "binding_type": "collection_details", 
                "binding_collection_name": "$item_collection_name", 
                "binding_condition": "once"
            }, 
            {
                "binding_type": "$focus_id_binding_type", 
                "binding_name": "#focus_identifier", 
                "binding_name_override": "#focus_identifier", 
                "binding_collection_name": "$item_collection_name", 
                "binding_condition": "once"
            }, 
            {
                "binding_type": "$focus_override_down_binding_type", 
                "binding_name": "#focus_change_down", 
                "binding_name_override": "#focus_change_down", 
                "binding_collection_name": "$item_collection_name", 
                "binding_condition": "once"
            }, 
            {
                "binding_type": "$focus_override_up_binding_type", 
                "binding_name": "#focus_change_up", 
                "binding_name_override": "#focus_change_up", 
                "binding_collection_name": "$item_collection_name", 
                "binding_condition": "once"
            }, 
            {
                "binding_type": "$focus_override_left_binding_type", 
                "binding_name": "#focus_change_left", 
                "binding_name_override": "#focus_change_left", 
                "binding_collection_name": "$item_collection_name", 
                "binding_condition": "once"
            }, 
            {
                "binding_type": "$focus_override_right_binding_type", 
                "binding_name": "#focus_change_right", 
                "binding_name_override": "#focus_change_right", 
                "binding_collection_name": "$item_collection_name", 
                "binding_condition": "once"
            }
        ], 
        "button_mappings": [
            {
                "from_button_id": "button.menu_select", 
                "to_button_id": "button.container_auto_place", 
                "mapping_type": "pressed"
            }
        ], 
        "controls": [
            {
                "hover@$highlight_control": { }
            }
        ]
    },


  "Quick_component_1@common.container_item": {
    "$button_ref|default": "pocket_containers.Quick_component_2"
  },

  "Quick_component@pocket_containers.Quick_component_1": {
    "size": [ 28, 28 ],
    "$cell_image_size|default": [ 28, 28 ],
    "$item_renderer_panel_size|default": [ 28, 28 ],
    "$item_renderer_size|default": [ 24, 24 ]
  }
}