{
  "namespace": "redstone",
  "shortcut_mode": {
    "type": "grid",
    "anchor_from": "center",
    "anchor_to": "center",
    "offset": "$grid_offset",
    "grid_dimensions": "$grid_dimensions",
    "collection_name": "container_items",
    "grid_item_template": "chest.Shortcut_Mode_Controls_1",
    "$item_collection_name": "container_items"
  },
  "normal_mode": {
    "type": "grid",
    "anchor_from": "center",
    "anchor_to": "center",
    "offset": "$grid_offset",
    "grid_dimensions": "$grid_dimensions",
    "collection_name": "container_items",
    "grid_item_template": "chest.normal_mode_controls_1",
    "$item_collection_name": "container_items"
  },
  "drop_a_group_pattern": {
    "type": "grid",
    "anchor_from": "center",
    "anchor_to": "center",
    "offset": "$grid_offset",
    "grid_dimensions": "$grid_dimensions",
    "collection_name": "container_items",
    "grid_item_template": "chest.lose_a_group_of_controls_1",
    "$item_collection_name": "container_items"
  },
  "drop_a_pattern": {
    "type": "grid",
    "anchor_from": "center",
    "anchor_to": "center",
    "offset": "$grid_offset",
    "grid_dimensions": "$grid_dimensions",
    "collection_name": "container_items",
    "grid_item_template": "chest.drop_a_control_1",
    "$item_collection_name": "container_items"
  },


  "redstone_panel_top_half": {
    "type": "panel",
    "size": [ "100%", "50% - 12px" ],
    "offset": [ 0, 7 ],
    "anchor_to": "top_left",
    "anchor_from": "top_left",
    "controls": [
      {
       "1@shortcut_mode": {
          "bindings": [
            {
              "binding_type": "view",
              "source_control_name": "shortcut_mode",
              "source_property_name": "#toggle_state",
              "target_property_name": "#visible"
            }
          ]
        }
      },
      {
       "2@normal_mode": {
          "bindings": [
            {
              "binding_type": "view",
              "source_control_name": "normal_mode",
              "source_property_name": "#toggle_state",
              "target_property_name": "#visible"
            }
          ]
        }
      },
      {
       "3@drop_a_group_pattern": {
          "bindings": [
            {
              "binding_type": "view",
              "source_control_name": "drop_a_group_pattern",
              "source_property_name": "#toggle_state",
              "target_property_name": "#visible"
            }
          ]
        }
      },
      {
       "4@drop_a_pattern": {
          "bindings": [
            {
              "binding_type": "view",
              "source_control_name": "drop_a_pattern",
              "source_property_name": "#toggle_state",
              "target_property_name": "#visible"
            }
          ]
        }
      },
      { "5@normal_mode": { } }
    ]
  },

  "panel": {
    "type": "panel",
    "controls": [
      { "main_button_1@chest.main_button_1": {"offset": [130, 180]} },
      { "main_button_2@chest.main_button_2": {"offset": [130, 150]} },
      { "container_gamepad_helpers@common.container_gamepad_helpers": {} },
      {
        "flying_item_renderer@common.flying_item_renderer": {
          "layer": 11
        }
      },
      { "selected_item_details_factory@common.selected_item_details_factory": {} },
      {
        "root_panel@common.root_panel": {
          "layer": 1,
          "size": "$screen_dimensions",
          "controls": [
            { "common_panel@common.common_panel": {} },
            {
              "redstone_screen_inventory": {
                "type": "panel",
                "layer": 5,
                "controls": [
                  { "red_panel@redstone.redstone_panel_top_half": {} },
                  { "red_bottom_half@chest.inventory_panel_bottom_half_with_label": {} },
                  { "hotbar_grid@chest.hotbar_grid_template": {} },
                  { "red_hold_icon@common.inventory_take_progress_icon_button": {} }
                ]
              }
            },
            { "red_icon@common.inventory_selected_icon_button": {} },
            { "gamepad_cursor@common.gamepad_cursor_button": {} },
            { "$screen_label@$screen_label": {} }
          ]
        }
      }
    ]
  }
}