{
  "namespace": "common_tabs",
  "pocket_tab_help_button": {
    "type": "image",
    "size": [ 0, 0 ],
    "texture": "textures/ui/TabRightBackTopMost",

    "controls": [
    ]
  },

  "pocket_tab_close_and_help_button": {
    "type": "image",
    "size": [ "100%", "100%c + 12px" ],
    "texture": "textures/ui/TabRightBackTopMost",

    "controls": [
      {
        "close_button@common.light_close_button": {
          "anchor_from": "top_middle",
          "anchor_to": "top_middle",
          "offset": [ 0, 6 ]
        }
      }
    ]
  },

  "tab_close_and_help_button": {
    "type": "image",
    "size": [ "100%", "100%c + 7px" ],
    "texture": "textures/ui/TabRightBackTopMost",

    "controls": [
      {
        "close_button@common.light_close_button": {
          "anchor_from": "top_middle",
          "anchor_to": "top_middle",
          "offset": [ 0, 4 ]
        }
      }
    ]
  }
}